{
    "meta": {
        "part_name": "Test_Wing_01",
        "q": 1200.0
    },
    "input": {
        "force": [
            100.0,
            0.0,
            1000.0
        ],
        "moment": [
            0.0,
            50.0,
            0.0
        ]
    },
    "output": {
        "force_transformed": [
            272.0843533844815,
            0.0,
            967.4554794115069
        ],
        "moment_transformed": [
            0.0,
            550.0,
            0.0
        ],
        "coeff_force": [
            0.01133684805768673,
            0.0,
            0.040310644975479454
        ],
        "coeff_moment": [
            0.0,
            0.015277777777777777,
            0.0
        ]
    }
}